{"hypers": {"envname": "RayEnv", "env": {"seed": 450, "n_envs": 1}, "framestack": {"n_stack": 4}, "agent": {"seed": 1450, "learning_rate": 0.0007, "n_steps": 64, "batch_size": 64, "gamma": 0.99, "gae_lambda": 1, "ent_coef": 0.01, "vf_coef": 0.25, "max_grad_norm": 0.5}, "learn": {"log_interval": 50}}, "train/learning_rate": 0.0007, "train/entropy_loss": -28.169052505493163, "train/policy_gradient_loss": -0.0640370462089777, "train/value_loss": 1083478.725, "train/approx_kl": 0.02754152938723564, "train/clip_fraction": 0.1328125, "train/loss": 270772.59375, "train/explained_variance": 5.960464477539063e-08, "train/n_updates": 490, "train/clip_range": 0.2, "time/iterations": 50, "time/fps": 40, "time/time_elapsed": 79, "time/total_timesteps": 3200}
{"train/learning_rate": 0.0007, "train/entropy_loss": -27.13850555419922, "train/policy_gradient_loss": -0.02592180036008358, "train/value_loss": 2275235.05, "train/approx_kl": 0.007936536334455013, "train/clip_fraction": 0.025, "train/loss": 568670.0625, "train/explained_variance": -1.1920928955078125e-07, "train/n_updates": 990, "train/clip_range": 0.2, "time/iterations": 100, "time/fps": 39, "time/time_elapsed": 164, "time/total_timesteps": 6400}
{"train/learning_rate": 0.0007, "train/entropy_loss": -26.52185974121094, "train/policy_gradient_loss": -0.048269021324813366, "train/value_loss": 1839021.1125, "train/approx_kl": 0.016475647687911987, "train/clip_fraction": 0.0859375, "train/loss": 459630.96875, "train/explained_variance": -1.1920928955078125e-07, "train/n_updates": 1490, "train/clip_range": 0.2, "time/iterations": 150, "time/fps": 38, "time/time_elapsed": 252, "time/total_timesteps": 9600}
{"train/learning_rate": 0.0007, "train/entropy_loss": -25.18396587371826, "train/policy_gradient_loss": -0.032369121164083484, "train/value_loss": 1075237.85, "train/approx_kl": 0.013159080408513546, "train/clip_fraction": 0.0453125, "train/loss": 268715.15625, "train/explained_variance": 0.0, "train/n_updates": 1990, "train/clip_range": 0.2, "time/iterations": 200, "time/fps": 38, "time/time_elapsed": 328, "time/total_timesteps": 12800}
{"train/learning_rate": 0.0007, "train/entropy_loss": -26.53669719696045, "train/policy_gradient_loss": -0.04529338404536247, "train/value_loss": 908849.68125, "train/approx_kl": 0.019079335033893585, "train/clip_fraction": 0.1125, "train/loss": 227126.390625, "train/explained_variance": 0.0, "train/n_updates": 2490, "train/clip_range": 0.2, "time/iterations": 250, "time/fps": 38, "time/time_elapsed": 410, "time/total_timesteps": 16000}
{"train/learning_rate": 0.0007, "train/entropy_loss": -25.87618637084961, "train/policy_gradient_loss": -0.03956555537879467, "train/value_loss": 1400332.9125, "train/approx_kl": 0.016633493825793266, "train/clip_fraction": 0.078125, "train/loss": 349974.71875, "train/explained_variance": 2.384185791015625e-07, "train/n_updates": 2990, "train/clip_range": 0.2, "time/iterations": 300, "time/fps": 37, "time/time_elapsed": 505, "time/total_timesteps": 19200}
{"train/learning_rate": 0.0007, "train/entropy_loss": -24.62220153808594, "train/policy_gradient_loss": -0.044096915423870085, "train/value_loss": 1168247.1625, "train/approx_kl": 0.01629623770713806, "train/clip_fraction": 0.0625, "train/loss": 291962.71875, "train/explained_variance": -1.1920928955078125e-07, "train/n_updates": 3490, "train/clip_range": 0.2, "time/iterations": 350, "time/fps": 37, "time/time_elapsed": 599, "time/total_timesteps": 22400}
{"train/learning_rate": 0.0007, "train/entropy_loss": -24.865076637268068, "train/policy_gradient_loss": -0.036611541733145715, "train/value_loss": 1037308.61875, "train/approx_kl": 0.013160576112568378, "train/clip_fraction": 0.05625, "train/loss": 259234.046875, "train/explained_variance": -1.1920928955078125e-07, "train/n_updates": 3990, "train/clip_range": 0.2, "time/iterations": 400, "time/fps": 37, "time/time_elapsed": 682, "time/total_timesteps": 25600}
{"train/learning_rate": 0.0007, "train/entropy_loss": -23.72828254699707, "train/policy_gradient_loss": -0.05170323122292757, "train/value_loss": 792404.775, "train/approx_kl": 0.028263360261917114, "train/clip_fraction": 0.134375, "train/loss": 198020.53125, "train/explained_variance": -1.1920928955078125e-07, "train/n_updates": 4490, "train/clip_range": 0.2, "time/iterations": 450, "time/fps": 37, "time/time_elapsed": 767, "time/total_timesteps": 28800}
