{"hypers": {"envname": "RayEnv", "env": {"seed": 450, "n_envs": 1}, "framestack": {"n_stack": 4}, "agent": {"seed": 1450, "learning_rate": 0.0007, "n_steps": 64, "batch_size": 64, "gamma": 0.99, "gae_lambda": 1, "ent_coef": 0.01, "vf_coef": 0.25, "max_grad_norm": 0.5}, "learn": {"log_interval": 50}}, "train/learning_rate": 0.0007, "train/entropy_loss": -27.876135635375977, "train/policy_gradient_loss": -0.06428987104445696, "train/value_loss": 1123834.575, "train/approx_kl": 0.02456461824476719, "train/clip_fraction": 0.15625, "train/loss": 280860.03125, "train/explained_variance": 0.0, "train/n_updates": 490, "train/clip_range": 0.2, "time/iterations": 50, "time/fps": 19, "time/time_elapsed": 160, "time/total_timesteps": 3200}
{"train/learning_rate": 0.0007, "train/entropy_loss": -26.687871360778807, "train/policy_gradient_loss": -0.0330694492906332, "train/value_loss": 2591868.025, "train/approx_kl": 0.011948633007705212, "train/clip_fraction": 0.0453125, "train/loss": 647818.9375, "train/explained_variance": 0.0, "train/n_updates": 990, "train/clip_range": 0.2, "time/iterations": 100, "time/fps": 18, "time/time_elapsed": 338, "time/total_timesteps": 6400}
{"train/learning_rate": 0.0007, "train/entropy_loss": -25.62017650604248, "train/policy_gradient_loss": -0.052137221395969394, "train/value_loss": 1533623.6, "train/approx_kl": 0.022520877420902252, "train/clip_fraction": 0.1078125, "train/loss": 383292.125, "train/explained_variance": 1.1920928955078125e-07, "train/n_updates": 1490, "train/clip_range": 0.2, "time/iterations": 150, "time/fps": 19, "time/time_elapsed": 492, "time/total_timesteps": 9600}
{"train/learning_rate": 0.0007, "train/entropy_loss": -23.318852043151857, "train/policy_gradient_loss": -0.026858901791274547, "train/value_loss": 1458108.5625, "train/approx_kl": 0.010836441069841385, "train/clip_fraction": 0.028125, "train/loss": 364416.5, "train/explained_variance": -1.1920928955078125e-07, "train/n_updates": 1990, "train/clip_range": 0.2, "time/iterations": 200, "time/fps": 20, "time/time_elapsed": 626, "time/total_timesteps": 12800}
{"train/learning_rate": 0.0007, "train/entropy_loss": -22.878081130981446, "train/policy_gradient_loss": -0.04295294657349587, "train/value_loss": 1532950.8125, "train/approx_kl": 0.016385339200496674, "train/clip_fraction": 0.06875, "train/loss": 383124.6875, "train/explained_variance": 0.0, "train/n_updates": 2490, "train/clip_range": 0.2, "time/iterations": 250, "time/fps": 20, "time/time_elapsed": 764, "time/total_timesteps": 16000}
{"train/learning_rate": 0.0007, "train/entropy_loss": -22.126678466796875, "train/policy_gradient_loss": -0.03367152083665133, "train/value_loss": 2464527.525, "train/approx_kl": 0.014247333630919456, "train/clip_fraction": 0.0640625, "train/loss": 615988.3125, "train/explained_variance": 5.960464477539063e-08, "train/n_updates": 2990, "train/clip_range": 0.2, "time/iterations": 300, "time/fps": 21, "time/time_elapsed": 900, "time/total_timesteps": 19200}
{"train/learning_rate": 0.0007, "train/entropy_loss": -22.379134941101075, "train/policy_gradient_loss": -0.043134734779596326, "train/value_loss": 1725370.65, "train/approx_kl": 0.019533075392246246, "train/clip_fraction": 0.0796875, "train/loss": 431222.78125, "train/explained_variance": 5.960464477539063e-08, "train/n_updates": 3490, "train/clip_range": 0.2, "time/iterations": 350, "time/fps": 21, "time/time_elapsed": 1039, "time/total_timesteps": 22400}
{"train/learning_rate": 0.0007, "train/entropy_loss": -21.91714973449707, "train/policy_gradient_loss": -0.04522317815572023, "train/value_loss": 371351.921875, "train/approx_kl": 0.03035147860646248, "train/clip_fraction": 0.128125, "train/loss": 92781.8984375, "train/explained_variance": 0.0, "train/n_updates": 3990, "train/clip_range": 0.2, "time/iterations": 400, "time/fps": 21, "time/time_elapsed": 1208, "time/total_timesteps": 25600}
{"train/learning_rate": 0.0007, "train/entropy_loss": -22.8069787979126, "train/policy_gradient_loss": -0.0380474996753037, "train/value_loss": 1192987.75, "train/approx_kl": 0.01625560224056244, "train/clip_fraction": 0.08125, "train/loss": 298147.9375, "train/explained_variance": 0.0, "train/n_updates": 4490, "train/clip_range": 0.2, "time/iterations": 450, "time/fps": 20, "time/time_elapsed": 1380, "time/total_timesteps": 28800}
